Aspect,Mention_Count,Avg_Sentiment,Std_Dev,Min_Score,Max_Score,Median_Score,Positive_Count,Negative_Count,Neutral_Count,Positive_Pct,Negative_Pct,Neutral_Pct
Facilities,1041,0.1312,0.317,-0.9597,0.9568,0.0,475,185,381,45.63,17.77,36.6
Price/Fees,810,0.0951,0.3372,-0.9597,0.9209,0.0,358,205,247,44.2,25.31,30.49
Policies/Contract,450,0.0355,0.3522,-0.9274,0.886,0.0,189,155,106,42.0,34.44,23.56
Crowdedness,418,0.1968,0.3703,-0.8225,0.9892,0.1616,229,79,110,54.78,18.9,26.32
Equipment,385,0.1625,0.3384,-0.8625,0.9305,0.0,185,53,147,48.05,13.77,38.18
Location/Accessibility,294,0.1324,0.3639,-0.8081,0.9892,0.0,119,53,122,40.48,18.03,41.5
Overall Experience,241,0.2742,0.4675,-0.8695,0.9892,0.3818,167,51,23,69.29,21.16,9.54
Staff/Service,224,0.2043,0.3943,-0.9279,0.9892,0.2023,129,43,52,57.59,19.2,23.21
Cleanliness,63,0.1325,0.4449,-0.8081,0.9892,0.0,29,20,14,46.03,31.75,22.22
